satisfaction,tenure,performance,left_company
0.5488135039273248,2,0.3701952452183618,0
0.7151893663724195,7,0.1539427981458149,1
0.6027633760716439,6,0.12064627695915386,1
0.5448831829968969,5,0.1309347972736017,0
0.4236547993389047,5,0.22813288874391047,0
0.6458941130666561,5,0.8526339868612022,1
0.4375872112626925,8,0.24511604713484203,0
0.8917730007820798,3,0.356484887333949,1
0.9636627605010293,3,0.9319528990559268,1
0.3834415188257777,7,0.48029549787838366,1
0.7917250380826646,6,0.5920882119379113,1
0.5288949197529045,4,0.8287343019721473,1
0.5680445610939323,1,0.14285605309024907,1
0.925596638292661,9,0.5337231215893673,1
0.07103605819788694,9,0.09880582986920283,1
0.08712929970154071,2,0.5427826441654782,0
0.02021839744032572,9,0.5943786593304408,0
0.832619845547938,8,0.5460893670109037,1
0.7781567509498505,6,0.364284574718846,0
0.8700121482468192,8,0.8484385146266608,0
0.978618342232764,5,0.309633859741126,0
0.7991585642167236,1,0.7639275457910185,1
0.46147936225293185,8,0.4484821141791955,0
0.7805291762864555,3,0.8054211672506183,1
0.11827442586893322,4,0.7915374723231269,0
0.6399210213275238,6,0.8208999854584782,1
0.1433532874090464,5,0.6908707715940786,1
0.9446689170495839,1,0.757961809198851,1
0.5218483217500717,5,0.7797481646806796,0
0.4146619399905236,6,0.7513464276552426,1
0.26455561210462697,9,0.39207995034470444,0
0.7742336894342167,2,0.19744130972614415,0
0.45615033221654855,5,0.9701308723819708,1
0.5684339488686485,9,0.2563101434252716,1
0.018789800436355142,1,0.9803750792296568,1
0.6176354970758771,2,0.10218421144870193,0
0.6120957227224214,2,0.8269744528556832,0
0.6169339968747569,9,0.21151798175083203,0
0.9437480785146242,5,0.830948149569656,1
0.6818202991034834,1,0.06918480469264277,1
0.359507900573786,4,0.8667029791268241,1
0.43703195379934145,1,0.4183634276086857,0
0.6976311959272649,8,0.9248248736726219,1
0.06022547162926983,1,0.6422793297140937,0
0.6667667154456677,9,0.5163631465964503,1
0.6706378696181594,2,0.5672405557082477,0
0.2103825610738409,3,0.5364556379646819,1
0.1289262976548533,9,0.136769936779091,1
0.31542835092418386,6,0.6715683257222146,0
0.3637107709426226,9,0.17871710678676622,1
0.5701967704178796,3,0.8381754954184487,1
0.43860151346232035,2,0.0629069612505947,0
0.9883738380592262,4,0.9544008805698272,0
0.10204481074802807,6,0.1489586511343577,0
0.2088767560948347,1,0.15547322094520777,0
0.16130951788499626,3,0.07008876386183527,1
0.6531083254653984,6,0.14981550352106332,1
0.2532916025397821,9,0.573993703808773,1
0.4663107728563063,7,0.3569039216345845,1
0.24442559200160274,3,0.9338399881359636,0
0.15896958364551972,8,0.36632716097325513,0
0.11037514116430513,8,0.926141378321074,1
0.6563295894652734,2,0.0585674070038259,0
0.1381829513486138,9,0.21993997378113872,1
0.1965823616800535,5,0.842678011727915,1
0.3687251706609641,4,0.16367307424149724,1
0.8209932298479351,4,0.26025253845028384,1
0.09710127579306127,3,0.37121738811447846,1
0.8379449074988039,1,0.5841984694310223,1
0.09609840789396307,5,0.39231111207304037,1
0.9764594650133958,7,0.26817309885628915,0
0.4686512016477016,5,0.4869441764446484,1
0.9767610881903371,4,0.5318590869870058,1
0.604845519745046,3,0.9624102746088313,0
0.7392635793983017,4,0.6759546155202633,0
0.039187792254320675,2,0.19217324610703956,0
0.2828069625764096,2,0.7613302760127992,0
0.1201965612131689,3,0.9811417686583087,1
0.29614019752214493,8,0.15071514383450613,0
0.11872771895424405,3,0.1622518102714009,0
0.317983179393976,8,0.11468098742884536,0
0.41426299451466997,1,0.2907614696974765,1
0.06414749634878436,2,0.695974218474343,1
0.6924721193700198,9,0.33277684649816663,1
0.5666014542065752,1,0.09545661555148033,0
0.2653894909394454,6,0.629901869753774,1
0.5232480534666997,3,0.7751382096086922,1
0.09394051075844168,9,0.4050414902832373,0
0.5759464955561793,1,0.6668169497218386,0
0.9292961975762141,5,0.5890311226367545,0
0.31856895245132366,1,0.6436440135944644,0
0.6674103799636817,4,0.42188213601046043,0
0.13179786240439217,9,0.4770994842434486,0
0.7163272041185655,2,0.8149496076199942,0
0.2894060929472011,7,0.587122004754833,0
0.18319136200711683,5,0.09428810312492386,1
0.5865129348100832,7,0.02985370454329661,1
0.020107546187493552,7,0.511251617982564,0
0.8289400292173631,5,0.5446598236513808,0
0.004695476192547066,8,0.8161680877943146,1
0.6778165367962301,3,0.7304368221946067,0
0.27000797319216485,9,0.22538291840805735,0
0.7351940221225949,1,0.7935970421420603,0
0.9621885451174382,9,0.6291156238822889,0
0.24875314351995803,7,0.23327098256033196,1
0.5761573344178369,3,0.5158733931854287,0
0.592041931271839,7,0.24002765926096414,1
0.5722519057908734,6,0.7217228708771946,0
0.2230816326406183,4,0.30186554081205463,1
0.952749011516985,8,0.49674442360889826,1
0.44712537861762736,9,0.8981962818865021,0
0.8464086724711278,4,0.9873613846139915,1
0.6994792753175043,9,0.9578986540442235,1
0.29743695085513366,9,0.7704663966166979,1
0.8137978197024772,5,0.1362032648108944,1
0.39650574084698464,5,0.4679470995987658,1
0.8811031971111616,2,0.9682855167608868,0
0.5812728726358587,1,0.35300959194920767,0
0.8817353618548528,8,0.15949654858968665,1
0.6925315900777659,7,0.1913125557315516,1
0.7252542798196405,3,0.5493483220635136,1
0.5013243819267023,2,0.021701811558233475,0
0.9560836347232239,1,0.7702614404054835,0
0.6439901992296374,7,0.39256902331129995,0
0.4238550485581797,2,0.22335821497422848,1
0.6063932141279244,7,0.29159667942541057,1
0.019193198309333526,8,0.8031440802914679,0
0.30157481667454933,2,0.03718114203719336,0
0.660173537492685,6,0.7713208535196804,1
0.29007760721044407,3,0.7622969125597391,0
0.6180154289988415,1,0.08154121909145695,0
0.42876870094576613,3,0.8310363890766933,0
0.13547406422245023,7,0.17204216359185942,1
0.29828232595603077,7,0.13643236902046962,0
0.5699649107012649,4,0.1664011961713887,0
0.5908727612481732,6,0.00275800893123912,1
0.5743252488495788,5,0.5334566892660394,0
0.6532008198571336,8,0.3689758515986984,1
0.6521032700016889,4,0.1432532305588351,1
0.43141843543397396,3,0.8687285769777595,1
0.896546595851063,7,0.506201666407215,1
0.36756187004789653,2,0.3487080688769927,0
0.4358649252656268,6,0.5327205784966398,0
0.8919233550156721,2,0.8092119020835442,0
0.8061939890460857,4,0.1709348059841045,1
0.7038885835403663,2,0.8656766094662753,0
0.10022688731230112,1,0.5854447958296264,1
0.9194826137446735,8,0.6155318945304358,0
0.7142412995491114,4,0.5885421725406843,1
0.9988470065678665,7,0.2213191192150874,1
0.14944830465799375,5,0.18473853877407864,1
0.8681260573682142,5,0.47735231587716076,0
0.16249293467637482,4,0.3563427347391144,1
0.6155595642838442,6,0.24083634900404494,1
0.12381998284944151,5,0.5812692959460314,0
0.8480082293222344,5,0.8561845904095897,1
0.8073189587250107,1,0.556897735850336,1
0.5691007386145933,1,0.9065232294082665,0
0.40718329722599966,6,0.7167950080833688,1
0.06916699545513805,1,0.9004372776336202,0
0.6974287731445636,7,0.20171072740576357,1
0.45354268267806885,4,0.5873365996384862,0
0.7220555994703479,9,0.3546777492789197,1
0.8663823259286292,7,0.7437051068242359,0
0.9755215050028858,3,0.4498796684068139,1
0.855803342392611,2,0.41218115698127467,1
0.011714084185001972,8,0.14297878261938546,1
0.3599780644783639,8,0.35455447468059076,0
0.729990562424058,7,0.667803445340725,1
0.17162967726144052,8,0.5087725686817588,0
0.5210366062041293,6,0.5191319151483809,0
0.05433798833925363,9,0.6481658723561755,0
0.19999652489640007,9,0.2758375520697458,1
0.01852179446061397,2,0.22074626138533493,1
0.7936977033574206,5,0.9677585797046285,1
0.22392468806038013,7,0.1378313022164549,0
0.3453516806969027,5,0.08099818472507547,1
0.9280812934655909,3,0.7036503457155843,0
0.7044144019235328,8,0.6471253215727131,0
0.03183892953130785,9,0.3709732519780914,1
0.16469415649791275,6,0.07678624566611059,0
0.6214784014997635,8,0.2795299433788142,0
0.5772285886041676,7,0.06222456998394055,0
0.23789282137450862,4,0.9891213054377505,1
0.9342139979247938,4,0.6954073532635352,0
0.613965955965896,8,0.4318931001753774,1
0.5356328030249583,3,0.9197299731224627,0
0.589909976354571,9,0.5654457517118716,0
0.7301220295167696,2,0.7112749724674928,1
0.31194499547960186,4,0.5067697443669656,0
0.3982210622160919,3,0.8264779517197295,0
0.20984374897512215,2,0.9824464933371218,1
0.18619300588033616,8,0.41212786074671404,1
0.9443723899839336,9,0.1472973281448522,0
0.7395507950492876,8,0.40184451791193954,0
0.4904588086175671,6,0.7977119175799476,0
0.22741462797332324,8,0.0001867139325091305,0
0.25435648177039294,8,0.9545947821201767,0
0.05802916032387562,2,0.6625144745374962,0
0.4344166255581208,6,0.31064783815928065,1
0.3117958819941026,7,0.4898213704220553,0
0.6963434888154595,6,0.26407274368390143,1
0.3777518392924809,9,0.4359312842664751,1
0.1796036775596348,9,0.6382191000316307,0
0.02467872839133123,2,0.6740772889910439,1
0.06724963146324858,6,0.32277334368034694,0
0.6793927734985673,3,0.022966240058829746,1
0.4536968445560453,6,0.37719432050918045,0
0.5365792111087222,2,0.3753779976208822,0
0.8966712930403421,9,0.41202441921978183,1
0.9903389473967044,2,0.9657254731734589,1
0.21689698439847394,8,0.9700969756192044,0
0.6630782031001008,9,0.14871413285588686,1
0.26332237673715064,6,0.9134326099625223,0
0.02065099946572868,1,0.9784596436578735,0
0.7583786538361414,2,0.25664750671592773,1
0.32001715082246784,6,0.7410239001954746,1
0.38346389417189797,2,0.17545484988691606,0
0.5883171135536057,5,0.4719656387638128,0
0.8310484552361904,9,0.6072045979588924,0
0.6289818435911487,3,0.1795884802120623,0
0.8726506554473953,9,0.5471840935215099,0
0.27354203481563577,4,0.7388312953929219,0
0.7980468339125637,4,0.6674177603024553,0
0.1856359443059522,8,0.6307464943921074,1
0.9527916569719446,5,0.12043224220175941,0
0.6874882763878153,9,0.9563895140719681,0
0.21550767711355845,4,0.14091704100718483,0
0.9473705904889242,4,0.6122380088432651,0
0.7308558067701578,2,0.1295314010680262,1
0.25394164259502583,8,0.5397033392446859,0
0.21331197736748198,6,0.86743363003176,1
0.5182007139306632,6,0.6302854315353994,1
0.025662718054531575,8,0.9085866862805417,1
0.2074700754411094,8,0.6585442668863145,1
0.42468546875150626,4,0.4553996993127578,1
0.37416998033422555,3,0.46686226769936545,1
0.4635754243648107,2,0.21163751122096797,1
0.2776287062947319,3,0.9538610280992988,1
0.5867843464581688,6,0.3109259945889722,1
0.8638556059232314,9,0.3999458796877432,0
0.11753185596203308,9,0.029789543517147243,0
0.5173791071541142,9,0.3880061107341174,1
0.1320681063451533,3,0.11670575692412999,1
0.7168596811925937,3,0.19142554040691373,1
0.39605970280729375,9,0.7895383055524736,0
0.565421311858509,5,0.4721900644295226,0
0.18327983621407862,2,0.8377390798621797,1
0.14484775934337724,2,0.3228489055115804,1
0.48805628064895457,1,0.38319610034972873,0
0.3556127378499556,3,0.8321345892668226,1
0.940431945252813,2,0.06763153262585642,0
0.7653252538069653,8,0.820422451987177,0
0.7486636198505473,1,0.20538995762185552,1
0.9037197397459334,3,0.6549303821502518,0
0.08342243544201855,4,0.5328694956619789,0
0.5521924699224066,5,0.7892854892746224,0
0.5844760689557689,4,0.7664978735303262,0
0.961936378547229,1,0.5754040089021274,1
0.29214752679254885,1,0.580689298656963,0
0.24082877991544682,7,0.7343610274640362,1
0.10029394226549782,5,0.6105632454438723,0
0.016429629591474204,4,0.5589916362302598,1
0.9295293167921905,4,0.4976953531173446,0
0.66991654659091,2,0.957509805598397,0
0.7851529120231378,1,0.22123994634263455,0
0.2817301057539491,8,0.4370942456694995,1
0.5864101661863267,9,0.4187873945710622,1
0.06395526612098112,7,0.5865564053345904,0
0.4856275959346229,3,0.6837829273359165,1
0.9774951397444468,9,0.22277110463441852,0
0.8765052453165908,9,0.5618576169108853,0
0.33815895183684563,7,0.9203887958101262,0
0.9615701545414985,5,0.2343470932611088,0
0.2317016264712045,2,0.11080397111904217,1
0.9493188224156814,9,0.27923241456580083,0
0.9413777047064986,6,0.5527407362420389,1
0.7992025873523917,5,0.4524814831008518,0
0.6304479368667911,4,0.4403857249002554,0
0.874287966624947,6,0.6541985646678934,1
0.2930202845077967,8,0.91648539874649,1
0.8489435553129182,7,0.18586265267449054,1
0.6178766919175238,7,0.34857363415920883,0
0.01323685775889949,4,0.3851650136809526,0
0.34723351793221957,4,0.15337034709900133,0
0.14814086094816503,3,0.8905047547177285,1
0.9818293898182532,8,0.9324434169411349,0
0.47837030703998806,4,0.9992080001880441,1
0.4973913654986627,6,0.2372080631818536,0
0.6394725163987236,9,0.07175190247566166,1
0.3685846061296175,4,0.14837357325787504,0
0.13690027168559893,9,0.8208656496687533,0
0.8221177331942455,6,0.9296781803005653,1
0.18984791190275796,1,0.3558980766566505,0
0.511318982546456,8,0.9624961709737397,0
0.22431702897473926,1,0.7969515928890308,1
0.09784448449403405,2,0.3534927179146139,0
0.8621915174216833,7,0.8509529152218319,1
0.9729194890231303,7,0.6410056998489986,1
0.9608346580630002,5,0.4464835827981972,0
0.906555499221179,6,0.4519255832247049,0
0.7740473326986388,8,0.962119767637906,1
0.3331451520286419,7,0.2930228364668259,1
0.08110138998799676,1,0.6696948317941253,0
0.40724117141380733,2,0.8042101857588106,0
0.23223414217094274,7,0.3853834523824391,0
0.13248763475798297,7,0.46429001306511475,1
0.05342718178682526,5,0.6422713696576796,1
0.7255943642105788,3,0.5877812262301637,1
0.011427458625031028,3,0.7332258718921955,0
0.7705807485027762,5,0.8556465214347455,1
0.14694664540037505,5,0.5417433181644618,0
0.07952208258675575,4,0.95941959256971,0
0.08960303423860538,2,0.2811355903819611,0
0.6720478073539145,1,0.06675679865174255,0
0.24536720985284477,7,0.38435373229029535,1
0.42053946668009845,7,0.964092942821416,0
0.5573687913239169,1,0.7639333645192852,1
0.8605511738287938,9,0.19689198987786816,1
0.7270442627113283,6,0.9797056370530559,0
0.27032790523871464,3,0.7024173402529652,1
0.1314827992911276,9,0.7992359260698854,1
0.05537432042119794,5,0.05386910418759783,0
0.3015986344809425,5,0.722657415317539,1
0.26211814923967824,1,0.4836263057820043,0
0.45614056680047965,3,0.794926317658378,0
0.6832813355476804,6,0.7160577123096494,0
0.6956254456388572,8,0.17641876141359947,1
0.28351884658216664,8,0.918720048459746,0
0.3799269559001205,2,0.5777064628516863,1
0.18115096173690304,4,0.38572611046047234,1
0.7885455123065187,3,0.2277063971733957,1
0.0568480764332403,1,0.7835391952222573,1
0.6969972417249873,4,0.9707023907775747,0
0.7786953959411034,3,0.7355203736373996,0
0.7774075618487531,3,0.6098636151904929,1
0.25942256434535493,3,0.9503362098625175,1
0.37381313793256143,4,0.7115716001488787,0
0.587599635196389,6,0.45647264784091557,1
0.272821902424467,2,0.3216538414437973,0
0.3708527992178887,8,0.18870536624168155,0
0.19705428018563964,6,0.8736807502382725,1
0.4598558837560074,4,0.7228892195082053,1
0.044612301254114084,4,0.9780789135777138,0
0.799795884570618,1,0.07520338074537225,0
0.07695644698663273,7,0.3147240583032893,1
0.518835148831526,4,0.40646254204311505,0
0.3068100995451961,7,0.9625423515918257,1
0.5775429488313755,6,0.5907865838384339,0
0.9594333408334251,2,0.6800837840490205,0
0.6455702444560039,4,0.27086236867557134,1
0.03536243575549092,4,0.25748830652559607,0
0.43040243950806123,8,0.34277171626805536,1
0.5100168523182502,9,0.08399694727815732,0
0.536177494703452,5,0.9395155931013467,1
0.6813925106038379,8,0.40516105906420896,1
0.2775960977317661,9,0.20050161740114314,1
0.1288605654663202,5,0.34381403537337907,1
0.39267567654709434,2,0.1957890376873488,0
0.9564057227959488,6,0.25583927833607445,0
0.18713089175084474,1,0.7575959669232927,0
0.903983954928237,4,0.23802204523083892,0
0.5438059500773263,7,0.6988434313256157,0
0.4569114216457658,4,0.5933655194746951,0
0.8820414102298896,1,0.14508289410838793,0
0.45860396176858587,4,0.7637086131477745,0
0.7241676366115433,7,0.852872494634448,0
0.399025321703102,6,0.9559874580863233,0
0.9040443929009577,2,0.958999349422667,0
0.6900250201912274,8,0.7063707974895619,0
0.6996220542505167,4,0.2913445390088062,0
0.3277204015571189,5,0.03791166827812342,0
0.7567786427368892,8,0.3902304190833069,0
0.6360610554471413,1,0.7331266083605984,1
0.24002027337970955,4,0.9406386129939067,0
0.16053882248525642,6,0.11354036240855325,0
0.7963914745173317,7,0.5422419402296902,1
0.9591666030352225,7,0.4747737178366688,0
0.45813882726004285,8,0.045728304332407266,0
0.5909841653236849,5,0.650677420127789,0
0.8577226441935546,8,0.8725796926421935,1
0.45722345335385706,3,0.46185260664305783,0
0.9518744768327362,1,0.5232657225769233,0
0.5757511620448724,2,0.17778986905861371,0
0.820767120701315,7,0.12111848966472938,1
0.9088437184127384,6,0.6138478434042443,1
0.8155238187685688,5,0.7164101248607516,0
0.15941446344895593,9,0.2875033728818406,0
0.6288984390617004,8,0.49945050652734857,0
0.3984342586196771,9,0.9580593879308485,1
0.0627129520233457,7,0.03332354270115867,0
0.42403225188984195,2,0.2358134164701342,1
0.2586840668894077,5,0.10305325367672324,1
0.8490383084285108,9,0.8219924325705701,0
0.03330462654669619,6,0.9922434545923018,0
0.9589827218634736,2,0.15972900663403822,1
0.3553688484719296,7,0.7519009030807003,0
0.3567068904025429,3,0.2873789748880142,0
0.01632850268370789,8,0.32874465112003104,0
0.18523232523618394,6,0.9298480944739104,0
0.4012595008036087,8,0.7125231372027768,0
0.9292914173027139,7,0.8120745035873878,1
0.09961493022127133,7,0.4547614375911113,1
0.9453015334790795,4,0.3272626783101743,1
0.8694885305466322,4,0.13830674632917206,1
0.4541623969075518,5,0.6253781797547743,0
0.32670088176826007,5,0.6798350736566132,1
0.23274412927905685,2,0.9303974290923349,0
0.6144647064768743,4,0.12515393813320452,0
0.03307459147550562,6,0.7370604461513606,1
0.015606064446828216,2,0.5465400163197721,1
0.42879572249823783,8,0.4573301067701122,1
0.0680740739747202,6,0.752918379934675,1
0.2519409882460929,5,0.6072755152331502,1
0.22116091534608384,3,0.10275444369604625,0
0.2531911937228519,1,0.419156398250621,1
0.13105523121525775,9,0.9956701936358869,0
0.01203622289765427,8,0.767555224088327,0
0.11548429713874808,2,0.7625803781772679,0
0.6184802595127479,2,0.9222061356406637,1
0.9742562128180503,2,0.7293854682190929,0
0.9903450015608939,8,0.8479846900595416,0
0.4090540953730616,5,0.401083414071136,1
0.16295442604660537,9,0.40014465895369966,0
0.6387617573665293,7,0.9570318254248034,1
0.49030534654873714,2,0.7574936401354052,0
0.9894097772844315,3,0.47131545292505006,1
0.0653042071517802,9,0.4895966303431498,1
0.7832344383138131,5,0.016590752458605973,1
0.2883984973314939,8,0.22973358899213192,0
0.241418620076574,9,0.47130218809742497,0
0.662504571532676,9,0.2937987394525844,1
0.24606318499096447,4,0.9818160859639553,1
0.6658591175591877,3,0.11552222031708181,0
0.5173085172022888,6,0.5055579969911203,1
0.4240889884358493,7,0.009912599002858347,1
0.554687808661419,5,0.27251838726693933,0
0.28705151991962974,6,0.22443086745723817,0
0.7065747062729789,8,0.6050893251932438,0
0.414856869333564,1,0.8872189456093023,0
0.36054556048589226,4,0.5664434971929948,0
0.8286569145557378,6,0.6441025446494464,1
0.9249669119531921,6,0.2799233821168634,1
0.046007310887296926,8,0.3088664887967655,1
0.2326269928297655,9,0.49900524278960057,1
0.34851936949256324,1,0.5685596634754965,1
0.8149664793702474,3,0.5463289206655982,1
0.9854914276432976,7,0.26004634657039793,1
0.9689717046703518,6,0.14597339045716506,1
0.9049483455499269,2,0.3683723639722405,1
0.2965562650640299,6,0.7841194815027248,0
0.9920112434144741,2,0.5961330197376878,1
0.2494200410564512,3,0.18187303979852487,1
0.1059061548822322,4,0.23321773997246853,0
0.9509526110553941,1,0.9041922273922056,1
0.2334202554680963,4,0.3961878473951832,1
0.6897682650777505,1,0.8537008950604815,0
0.05835635898058866,2,0.977471097459519,0
0.7307090991274762,3,0.3578672992505788,0
0.8817202123338397,3,0.012917682763974647,0
0.2724368954659625,4,0.727788750592016,0
0.37905689607742854,5,0.4854381353345607,0
0.3742961833209161,6,0.8874218163011606,1
0.7487882575401331,9,0.16922909038690193,1
0.23780724253903884,6,0.2432475502126199,1
0.171853099047643,2,0.47164173576817925,1
0.4492916486877381,7,0.13577579001831186,1
0.3044684073773195,2,0.360333998408083,1
0.8391891222586524,7,0.015563724730939699,0
0.23774182601563876,2,0.8017804307853091,1
0.5023894574892614,6,0.10070408158219157,0
0.9425835996979304,7,0.5958579436462104,0
0.6339976977446607,3,0.2622313130237879,1
0.8672894054624648,3,0.030014971255053924,0
0.9402096893547673,3,0.10969515288532294,0
0.7507648618863519,9,0.699215167873968,0
0.6995750602247514,7,0.8910623143547655,1
0.9679655666042271,4,0.054677749256924035,1
0.9944007896476794,5,0.2814366442134969,0
0.45182168266975964,2,0.3984317060739332,1
0.07086977818420837,7,0.9786826215250232,1
0.29279403144051885,7,0.44266794756830974,0
0.15235470568773046,9,0.8248608765285228,1
0.4174863747960118,9,0.28111987606693456,0
0.13128932847325603,9,0.4681697075274678,1
0.604117804020882,6,0.8258616403155806,1
0.3828080591578541,3,0.7686920896939244,0
0.89538588428821,3,0.23856602572266783,0
0.9677946717985019,6,0.2527174877755892,0
0.5468849016694222,6,0.548472985132384,1
0.2748235698675966,5,0.9380150047976813,0
0.5922304187618368,2,0.11992793797598456,1
0.8967611582244098,2,0.7720619880324344,1
0.4067333458357483,9,0.7376005448122118,1
0.5520782766919708,9,0.8507756472326465,1
0.2716527676061459,4,0.8892003677540365,0
0.455444149450027,1,0.883425456709705,0
0.40171353537959864,3,0.900915898603207,0
0.24841346508297102,4,0.9807048401602005,0
0.5058663838253084,7,0.3324295407771456,1
0.3103808259798114,5,0.9290113286766231,0
0.37303486388074747,8,0.9475603114809199,0
0.5249704422542643,6,0.6481822785294827,1
0.7505950229289875,6,0.6645907440712826,0
0.3335074657912753,4,0.35855855464615316,0
0.9241587666207636,9,0.7453039257574423,0
0.8623185468359024,8,0.602560945535233,1
0.04869029597552854,2,0.7863189771806526,0
0.25364252425682277,8,0.15351360575498785,0
0.4461355126592019,6,0.8145926584868196,0
0.10462788874247408,5,0.7233816185079431,1
0.3484759890334971,1,0.5459453059479227,1
0.7400975256176825,6,0.25971651395090967,0
0.6805144811428259,8,0.09767420497731816,0
0.6223844285660048,9,0.48483331690666576,1
0.7105284027223456,2,0.14462155907453855,0
0.20492368695970176,7,0.761773167168019,0
0.3416981148647321,7,0.9245589331753299,1
0.6762424822774629,1,0.8203213035248097,0
0.8792347630313271,3,0.3304589094697634,0
0.5436780538280952,9,0.14600434863649148,0
0.2826996509455366,7,0.007913253289598021,0
0.03023525800598259,7,0.6636581318368606,1
0.7103368289742134,4,0.1876120792108017,0
0.007884103508440377,5,0.7165543241648112,0
0.3726790698209955,5,0.57543281449971,1
0.5305372145627818,5,0.4700174829462942,0
0.922111461767193,2,0.7675392416193176,1
0.08949454503290011,5,0.981066222940361,0
0.4059423219682837,4,0.12859414493097165,0
0.024313199710157773,9,0.5505186880730701,0
0.3426109843415903,3,0.31322288531522846,1
0.6222310588397949,2,0.027955380229443882,0
0.2790679482285984,8,0.0293462669194976,1
0.2097499496556351,9,0.5776220045897807,0
0.11570323332709365,4,0.08291544320366118,0
0.5771402440203418,4,0.04392826228233493,0
0.695270005904686,1,0.17287853372872408,1
0.6719571405958223,8,0.459864680163911,0
0.9488610207205074,8,0.500767659479403,1
0.0027032138935026984,6,0.9152665197395412,0
0.647196653894036,4,0.4196691842641668,1
0.6003922370976396,8,0.1077788140881838,0
0.5887396099702882,9,0.23091592447466625,0
0.9627703198402424,6,0.9454086862291833,1
0.016871673370039697,6,0.5951520381870461,0
0.6964824307014501,2,0.3553426161530129,1
0.8136786497018634,8,0.8927115179196812,0
0.5098071966215841,7,0.30057420613818364,0
0.33396486959680916,2,0.8810947001037039,1
0.7908401632274049,9,0.121133732627557,1
0.09724292563242465,2,0.9382293572294632,0
0.44203563772992527,3,0.9376863574360613,1
0.5199523745708382,1,0.3452698491688009,0
0.6939564109345475,3,0.017548760207973246,1
0.09088573203240946,5,0.35304143422522405,0
0.22775950153786095,5,0.18081101523469556,0
0.41030156269012563,9,0.26606710144373347,0
0.6232946730201306,5,0.6256828772691428,1
0.8869607812174175,8,0.44309818564492065,1
0.6188261682413765,6,0.7363126921193682,1
0.13346147093493443,3,0.6370370384687635,1
0.9805801327872824,4,0.300557205529858,1
0.8717857347554929,1,0.32387653853206166,0
0.502720761145324,8,0.7981464066514448,1
0.922347981796633,7,0.5321630482223538,1
0.5413807937571358,9,0.1273805927994307,1
0.9233060678891631,2,0.5867231170319713,1
0.8298973686033432,8,0.13797893874112432,1
0.9682864102942973,7,0.8687081651119821,1
0.9197828107781584,9,0.12927019493137892,1
0.03603381742856948,5,0.6694081198913719,1
0.17477200416093996,4,0.8968103716642097,1
0.38913467710118577,6,0.09812352545092051,1
0.9521426972954208,3,0.530232179915101,1
0.3000289194759296,1,0.9580908736851641,0
0.16046764388760104,2,0.2779427788119584,0
0.8863046660865599,5,0.2810679399476984,1
0.4463944154832029,1,0.4700524001631885,1
0.9078755943543261,6,0.9477032937252792,0
0.16023046632014326,9,0.8010136921584466,1
0.6611175115080995,4,0.2711856325092864,1
0.4402637528294918,2,0.23158535634913602,0
0.0764867690302854,6,0.19861675008444746,0
0.6964631446525006,1,0.42972549961785567,0
0.2473987555391537,9,0.8079056781049219,1
0.039615522579517726,2,0.15230220596863442,1
0.05994429824957326,7,0.6170596792638465,0
0.06107853706678734,8,0.4722903862895588,1
0.9077329574850395,2,0.6463208098872277,1
0.739883917829101,5,0.40348519817736606,1
0.8980623572137351,9,0.7598222111880885,1
0.6725823112965214,7,0.321007527361849,1
0.5289399290308832,8,0.7221673932959276,0
0.30444636434737826,6,0.9596583803377433,0
0.9979622513286734,8,0.5792417513872286,0
0.36218905893938935,9,0.6345606678753152,0
0.47064894921390954,6,0.5248011997585795,0
0.37824517492346177,2,0.4859503769750728,0
0.9795269293354586,5,0.16854681952346773,0
0.17465838539500578,8,0.687548957563442,0
0.32798800090807967,9,0.6061718638124869,0
0.6803486660150015,8,0.5528857604818299,1
0.06320761833863064,8,0.30642697869683977,0
0.607249374011541,1,0.39449140807009364,1
0.4776465028764161,7,0.4331938558454651,1
0.2839999767621011,4,0.6574850962962141,0
0.238413280924058,8,0.7258936267585587,0
0.5145127432987567,3,0.31295345711012823,0
0.36792758053704133,7,0.6147364965366232,0
0.45651989126265535,4,0.3703742686916093,1
0.3374773817642399,6,0.48521167305300517,0
0.9704936935959776,9,0.08191750017650257,1
0.13343943174560402,6,0.5786776243621785,0
0.0968039531783742,1,0.8964421192282558,0
0.34339172879091606,7,0.9534053465033483,1
0.5910269008704913,2,0.33463513117034593,0
0.6591764718500283,5,0.17012610063108624,1
0.39725674716804205,8,0.9766405959313926,1
0.9992779939221711,6,0.7967050019462196,1
0.3518929961930426,3,0.2931764521824164,1
0.7214066679599525,7,0.004490043973006452,1
0.6375826945307929,5,0.26420426422417276,1
0.8130538632474607,8,0.9549452669146841,1
0.97622566345382,4,0.4742667929910924,1
0.8897936564455402,7,0.2943140138776522,0
0.7645619743577086,8,0.3423927158567108,1
0.6982484778182906,1,0.22919683496941845,1
0.3354981696758996,7,0.5653044058104857,0
0.14768557820670736,5,0.21716706413224196,1
0.06263600305980976,3,0.695891552714483,1
0.24190170420148482,4,0.472763112802699,1
0.4322814811812986,3,0.15900980740939563,1
0.5219962736299825,1,0.9884063415798207,1
0.7730835540548716,6,0.3977297631197415,0
0.958740923056593,9,0.3894396675072025,1
0.11732048038481102,2,0.44285344886288214,0
0.10700414019379156,1,0.21757109779496098,1
0.5896947230135507,6,0.9628273085277623,0
0.745398073947293,3,0.4244990551383473,1
0.8481503803469849,2,0.5861633937272388,0
0.9358320802167885,4,0.3392208183866442,0
0.983426242260642,1,0.48055769355705336,0
0.3998016922245259,7,0.9040904218175047,1
0.3803351835275731,1,0.16761351634372645,0
0.14780867669727238,8,0.7934015870132332,0
0.6849344386835594,4,0.4621364057877342,0
0.6567619584408371,9,0.25694118517080855,1
0.8620625958512073,5,0.6864697599343876,0
0.09725799478764063,5,0.24433257502915873,0
0.4977769078253418,6,0.15337444759728114,1
0.5810819296720631,2,0.3301561479407905,0
0.2415570400399184,7,0.2928829301125886,1
0.16902540612916128,9,0.7303697637073253,1
0.8595808364196215,7,0.766004742345731,1
0.058534922235558784,2,0.10583182263252644,0
0.4706209039180729,5,0.767880154512319,1
0.11583400130088528,5,0.25656839568874157,0
0.45705876133136736,9,0.22655620897386697,1
0.9799623263423093,7,0.7057523637455341,0
0.4237063534554728,3,0.8737523091832713,1
0.8571249175045673,4,0.6072415492853491,0
0.11731556418319389,9,0.9391305050664597,0
0.27125207676186414,1,0.6654264309706085,1
0.4037927406673345,6,0.8546454672676791,0
0.39981214000933074,9,0.5206221901479686,0
0.6713834786701531,8,0.8857206215045899,0
0.34471812737550767,6,0.11514794800517203,1
0.7137668684100164,7,0.38640104082608406,1
0.6391868992253925,6,0.2894104686284884,1
0.3991611452547731,8,0.1492358470754107,0
0.43176012765431926,5,0.1494139197859018,1
0.6145276998103207,3,0.44286429476318045,1
0.07004219014464463,7,0.4424355334988622,1
0.8224067383556903,7,0.9107117463268657,1
0.6534211611136369,9,0.9410902922747164,1
0.7263424644178352,2,0.019076596560196113,0
0.5369230010823904,1,0.25913472484312317,1
0.11047711099174473,6,0.008446139182786028,1
0.4050356132969499,1,0.8814126252817363,0
0.40537358284855607,2,0.5321101979706331,1
0.3210429900432169,5,0.1611345605346407,0
0.02995032490474936,2,0.8304731019914067,0
0.7372542425964773,1,0.07174132625446972,1
0.1097844580625007,4,0.8536248244243811,1
0.6063081330450851,4,0.016158816152962108,0
0.7032174964672158,1,0.45489035346577167,0
0.6347863229336947,9,0.35396682356615483,1
0.959142251977975,3,0.648998663262847,0
0.10329815508513862,6,0.5502160174757529,0
0.8671671591051991,5,0.3538062307797628,0
0.029190234848913255,3,0.9860586498737227,0
0.534916854927084,5,0.4293437955128625,0
0.4042436179392588,3,0.4846959601305568,0
0.5241838603937582,1,0.628810459066293,0
0.3650998770600098,2,0.09916065193360168,0
0.19056691494006806,6,0.8814204638963415,0
0.01912289744868978,6,0.566002619931852,1
0.5181498137911743,9,0.6756892126329703,1
0.8427768626848423,1,0.9226396515611768,0
0.37321595574479416,1,0.6423410057260575,0
0.22286381801498023,6,0.07173451471545911,1
0.08053200347184408,8,0.08357853669077653,1
0.08531092311870336,4,0.5682312662977397,0
0.22139644629277222,7,0.11666521654074569,1
0.10001406092155518,1,0.042884481983816225,0
0.26503969836448205,3,0.38366198732958356,0
0.06614946211695472,1,0.9781124216617673,0
0.06560486720992564,6,0.5497102488722557,0
0.8562761796227819,2,0.8848118936179418,1
0.16212026070883323,8,0.4528555796353352,0
0.559682405823448,4,0.930655457057404,0
0.7734555444490305,3,0.029914544675540666,1
0.4564095653390666,4,0.719450111035725,0
0.15336887785934572,3,0.9553578884036392,0
0.19959614212011434,4,0.4695667321093512,0
0.43298420628118073,8,0.25385504701743167,0
0.5282340891785358,8,0.6515042223363096,1
0.3494402920485349,2,0.38197408286966983,0
0.7814796002346613,5,0.33854227004850534,0
0.7510216488563984,7,0.3573878676755353,1
0.9272118073731179,8,0.4116694213420179,0
0.02895254902696054,1,0.45089519917389853,0
0.8956912912102034,1,0.1667046670362733,0
0.39256878846215104,7,0.6762737585145276,1
0.8783724953799941,5,0.8401980905612287,1
0.6907847761565296,5,0.7342920781328898,1
0.9873487570739682,6,0.41958526900612836,0
0.7592824517166681,2,0.16613637497623612,1
0.3645446259967866,3,0.7118192124953724,1
0.5010631728347521,7,0.052659213291265994,0
0.37638915519435123,9,0.5019463732319225,1
0.3649118360212381,3,0.9497960345926165,0
0.26090449938105975,6,0.35149555619001727,0
0.4959702953734696,6,0.7336739852193789,0
0.6817399450693612,9,0.9347065804904718,0
0.2773402713052435,6,0.11617075423592127,0
0.52437981107722,2,0.6091508170474952,1
0.11738029417055718,5,0.5631488707135378,0
0.1598452868541913,7,0.4935828096296536,0
0.04680635471218875,9,0.511053899611246,0
0.9707314427706328,1,0.3987876096219152,1
0.0038603515102610952,6,0.1356928482599976,1
0.1785799680576563,7,0.2101208284747349,1
0.6128667531169923,1,0.056371536627761065,1
0.0813695988533053,7,0.8311042617690841,0
0.8818965030968323,1,0.015205311425301349,0
0.7196201578422882,7,0.22718558039055947,0
0.9663899714378934,8,0.8424602119281634,1
0.5076355472407649,2,0.9160233696334701,0
0.3004036831584872,2,0.3234780784923016,0
0.5495005727952714,6,0.6827553511108365,0
0.9308187172979732,1,0.026493262012545093,1
0.5207614372418605,7,0.9386713902472061,1
0.26720703186231864,5,0.2117563978520337,0
0.8773987891741196,5,0.15009134095876242,1
0.3719187485124613,5,0.0917361458848801,1
0.0013833499989991394,8,0.668880873606054,0
0.24768502249231594,3,0.33223731566281334,1
0.3182335091770624,2,0.5268936733782472,0
0.8587774682319022,5,0.9827432825282348,1
0.458503167066445,9,0.12508376674952615,1
0.44458728781130075,5,0.5692662410397938,1
0.3361022663998874,5,0.2913812036536062,0
0.8806781230470796,8,0.5606203949920167,1
0.9450267769403914,1,0.8697172075664663,0
0.9918903291546294,8,0.6733993857385328,0
0.37674126696098675,9,0.9409707005758109,1
0.9661474456271714,6,0.743312298797784,1
0.7918795696309013,3,0.5102870175924629,0
0.6756891476442668,7,0.13872702474294074,1
0.24488947942009942,6,0.10376034791854893,0
0.2164572609442098,7,0.3196150455250606,0
0.16604782452124567,6,0.35568555886258413,0
0.9227566102253654,4,0.820725140068123,1
0.2940766623831661,4,0.5035977455422421,1
0.45309424544887844,1,0.5208242721052877,1
0.4939578339872235,4,0.9971796086584169,1
0.7781715954502542,5,0.6339558918260839,1
0.8442349615530241,2,0.5831419065858817,0
0.1390727011486128,1,0.8282669370747586,0
0.4269043602110737,4,0.15205256460879357,1
0.8428548878354571,4,0.8608297941571558,0
0.8180333057558384,5,0.26570853987311827,0
0.1024137584524164,7,0.29169489312249997,0
0.156383348867963,6,0.6771508915552242,0
0.3041986915994078,8,0.12116145688982427,1
0.07535906908334034,2,0.17943296290248112,1
0.4246630028405929,6,0.9701078696904671,1
0.10761770514958191,8,0.6268266868350327,0
0.568217593669845,7,0.25397189765420736,1
0.24655693981115612,7,0.8997467379749976,1
0.5964330653496227,7,0.3495577757673076,0
0.11752564290363765,2,0.15472331893535762,0
0.9758838684185334,9,0.9803220340371653,0
0.9325612038573404,5,0.11584932679382443,1
0.3917969385646658,3,0.5729957570120991,0
0.24217859412608544,1,0.7500746108180826,0
0.2503982128535728,3,0.9313925900032304,1
0.48339353520239203,9,0.11003100004805311,0
0.03999280190071697,4,0.527805228875436,0
0.639705106075127,8,0.13251733188609038,1
0.4083029083397448,3,0.7720473495193555,0
0.3774065725888873,2,0.20429239350918693,0
0.8093649714891984,5,0.22670526271328484,1
0.70903546018329,5,0.9984440444372606,0
0.954333815392692,5,0.8451904356476964,1
0.3519362404956907,3,0.650537977436124,0
0.8975427646494055,5,0.6405178168769194,1
0.7699671862500889,9,0.5980661024284185,0
0.35742465159471304,8,0.952105763810464,0
0.6216654364532578,9,0.8587499106437152,0
0.2885699576516956,6,0.610721946762539,1
0.8743999170748423,2,0.13662896373224553,0
0.11242731721231125,9,0.368760847247978,0
0.21243436129404103,9,0.9615543105027635,1
0.18303329207992114,7,0.12153823263473196,1
0.40302600240428865,1,0.09916345142279959,0
0.7452329600321291,1,0.030962434365079505,0
0.5269074490521803,3,0.6224848742605995,1
0.48767632353820756,4,0.3151906445503737,0
0.0005459648969956543,3,0.9027263865101198,1
0.4254017253550547,2,0.9711547444778027,1
0.06355377483615843,6,0.2646560761211124,0
0.20825325212148382,7,0.8664530926227615,1
0.9323939389604944,2,0.3646795920405481,0
0.2153982043432382,9,0.2536073790650063,0
0.8583376386342625,8,0.5968878036716759,0
0.8028933715613342,8,0.9126706209463072,0
0.15914623694224284,4,0.13511009723387635,0
0.6057119572702788,5,0.25074182738466844,0
0.11566187190501331,7,0.03704458678989342,1
0.7278881583695115,7,0.30222807236545257,1
0.6374622773722066,5,0.7122083140250004,0
0.8119385616910193,2,0.10273429996532313,1
0.47938454938918806,3,0.29916649395609607,0
0.9148630878333829,1,0.5529653246767458,0
0.04934894678843971,1,0.7911286065391339,1
0.29288856502701466,8,0.9892052736693591,0
0.715052597465167,7,0.4261732539670673,1
0.41810921174800086,3,0.5217820656982153,0
0.17295135427115638,9,0.872921538595177,0
0.10721074542854603,9,0.4685793482856865,1
0.8173391114616214,3,0.21386068416926884,0
0.47314297846564424,2,0.8894702840527117,0
0.8822836719191074,3,0.7293597225549444,1
0.733289134316726,8,0.37694244156191103,0
0.4097262056307436,7,0.4876250606304413,1
0.37351101415568366,7,0.2018381334111935,1
0.5156383466512517,3,0.04544564237192694,1
0.8890599531897286,2,0.32329052764245814,0
0.7372785797141679,6,0.6340841450221492,1
0.00515296426902323,7,0.28272024314322675,0
0.6941578513691256,4,0.985264957115188,1
0.9195074069058207,5,0.10131817112919439,0
0.7104557595044916,3,0.6450463969854904,1
0.1770057815674959,2,0.5461989674963359,0
0.4835181274274587,7,0.0032013985092185226,0
0.1403160179234194,1,0.8403846716766726,1
0.3589952783396321,3,0.40746848288962145,0
0.9371170419405177,7,0.5142341791562998,0
0.9233053075587083,4,0.7253684549023517,1
0.2828368521760829,8,0.7233736207133984,1
0.33963104416619916,6,0.7972612698860811,1
0.6002128681312939,3,0.11434099796227248,0
0.96319729526038,7,0.9653834727981135,1
0.14780133406539042,7,0.8701865844248635,0
0.2569166436866691,2,0.8851319562852951,1
0.8735568272907714,1,0.6511358536899914,1
0.4918922317083445,2,0.2893727569803035,1
0.8989610922270317,4,0.7040541568950668,1
0.18551789752317627,4,0.7732410334306241,0
0.5326685874713607,2,0.22924618672805575,1
0.32626963264937237,4,0.8552913450076486,0
0.31654255989247604,5,0.4906185000590406,1
0.44687696394619913,4,0.23282429241813685,0
0.43307744910126844,6,0.966414199195927,1
0.3573468796779544,7,0.9225922138860283,0
0.9149707703156186,9,0.7165374196869366,1
0.7317441854328928,6,0.5404157432495277,0
0.7275469913315297,6,0.3670956983622876,0
0.2899134495919554,9,0.8822714223955519,0
0.5777094243168404,5,0.7734785029860164,0
0.779179433301834,6,0.7672351501992071,0
0.7955903685432131,1,0.5068387495566843,0
0.34453046075431226,4,0.040950946241998354,1
0.7708727565686478,2,0.5582009462337202,1
0.735893896807733,7,0.8479418781127848,0
0.14150648562190027,9,0.5072551221977767,1
0.8659454685664772,7,0.7419067223185293,1
0.4413214701804108,4,0.47275874166095366,1
0.48641044888866547,5,0.5597145715495883,1
0.4483691788979973,6,0.04613953777981139,0
0.5678460014775075,9,0.3103801012035382,1
0.6211692473670547,3,0.8981858139476837,1
0.4981795657629434,4,0.30875145123726533,0
0.8667885432590956,3,0.45356167975804906,1
0.6277347561952844,2,0.5696770582920668,0
0.40142794930551995,2,0.7654631947416347,0
0.41669175690871096,9,0.24813170508672255,0
0.8108386151289514,7,0.07267787938066983,0
0.3481919427465201,4,0.8597396554684762,1
0.21145479578241355,3,0.7141862938587074,0
0.059383188005789234,3,0.7713810571918385,1
0.8760268479205742,5,0.17081949324470835,1
0.9185464511903499,8,0.47244399555514405,1
0.12012018216347597,3,0.45595784038795084,0
0.33447374149611486,5,0.5033729098009068,1
0.17537206951524387,5,0.9182928053261598,0
0.11589846882587973,2,0.9916877772557231,1
0.8998667430000302,6,0.03164576074369008,0
0.05687725914535546,4,0.1843336328013927,0
0.9804856634690068,8,0.8405571911311022,0
0.09645086069738418,5,0.08757177555718132,0
0.8634706491935857,3,0.9755121838295032,1
0.5665061069891627,1,0.704412213094957,1
0.36791748781787337,3,0.011392056427458663,0
0.3423423766251579,3,0.6980011647571632,1
0.7573641432377087,7,0.30861995905128536,0
0.3145732950042872,9,0.5014511742372034,1
0.6573189166171418,2,0.13970751367201728,1
0.5173260835160801,2,0.6035120439937228,0
0.4849656451580705,2,0.21340532375808974,1
0.9011621706491616,1,0.28282535280750765,0
0.5546450586202596,2,0.6960579593584381,0
0.8268616030486949,8,0.19881005429307252,1
0.7255735341014894,1,0.2887899368557524,0
0.03855724605899835,7,0.08688567080227105,0
0.7731100525054192,6,0.6003917070128219,0
0.21687025009104066,9,0.23989203008963,0
0.9031496468515715,6,0.8815488392979066,1
0.042924190608832014,7,0.5913673217823128,1
0.33307203447431877,9,0.22175624073328093,1
0.09973294723475401,2,0.007287197090910857,1
0.47558911708484375,5,0.11674190367599557,1
0.8200224358697518,6,0.23053057922759312,0
0.2981873596630641,1,0.5525120526337026,1
0.1509348973110416,6,0.19304853404227873,1
0.3302670356968992,7,0.6827030276243483,1
0.813880141920636,2,0.08877730302201714,0
0.14038395779934687,2,0.3997318577836594,0
0.2273624490775018,4,0.23658784529377674,1
0.06885196449337394,2,0.8028610779636016,1
0.7057100439896077,7,0.12795289583193037,1
0.3952332435363368,1,0.12060049133327311,1
0.310839977143316,8,0.7815206552705452,0
0.7186263903411519,7,0.3517864802747499,0
0.33597754234025523,5,0.7872408596879003,1
0.727771273214418,3,0.6646937674599344,1
0.8151993953143135,4,0.08821049310425622,1
0.21766284345773845,7,0.9710491651109286,0
0.9738186968459833,7,0.9304672003594456,1
0.16235794791266678,3,0.8018474258116486,1
0.29084090665674256,2,0.8383735674469107,0
0.17979529083354162,8,0.620519983565336,0
0.34550565635633446,9,0.9200563053473798,1
0.4800608878207556,9,0.41578751304691375,1
0.5221758690021191,5,0.893424153636665,1
0.853606042296272,3,0.458274300402702,1
0.8894479088158666,9,0.7817810385699596,0
0.22010386078090638,1,0.4755996961032476,0
0.6228940321857525,4,0.6972164881391135,1
0.11149605729871559,1,0.4326384596988697,0
0.4589698601820683,6,0.3811974369849733,1
0.32233353804661813,8,0.6520291817847579,1
0.3165007454536064,8,0.7817768489867641,1
0.482584241712101,5,0.08145499548675228,0
0.7298276355292675,9,0.26409004715422,0
0.0691826587923895,3,0.5886448565706346,0
0.8791733376874045,6,0.29388742701911597,0
0.7348137746305611,2,0.5810173975155318,0
0.17649938888906014,8,0.9933941374263746,1
0.9391609090873704,8,0.8851023690790695,0
0.5063122240233886,2,0.5776715193494264,1
0.9998085781169653,6,0.06830054236445438,1
0.19725947430073765,1,0.8228617546702076,0
0.5349081983832014,8,0.9516326469836549,0
0.2902480425599284,9,0.12778403585255582,1
0.30417355738924656,5,0.6189901451361207,1
0.5910653808339902,6,0.14824812055787107,1
0.9217190668708333,3,0.11132020509101603,1
0.805263855579175,1,0.36694946578900134,0
0.7239413985013259,9,0.25295711499923923,0
0.5591737821017022,7,0.7359855142582,1
0.9222985036674477,6,0.2261983328910938,1
0.49236140669088413,4,0.8463126730447005,1
0.8738321783347182,9,0.24055489483843528,1
0.8339816438766318,1,0.6594178340963746,1
0.21383534680158656,8,0.17475750289682668,1
0.7712254629659102,3,0.581856616157203,0
0.012171156943258765,9,0.5038021005776167,1
0.3228295375480875,8,0.5713805768779951,0
0.22956744469194978,7,0.3849386398471556,0
0.5068629584873134,1,0.9303057255348789,1
0.7368531616807855,6,0.3105077941737392,0
0.09767636744772412,3,0.9081264269317411,1
0.5149222019367684,7,0.7470995895037185,0
0.9384120216943856,9,0.3663890377050466,1
0.2286465509829455,5,0.45859727866950517,1
0.6771411441114241,1,0.8727971506701458,1
